game,rate,genre,review1,tag1,tag2,tag3,tag4,tag5
MONSTER HUNTER RISE,1446780,9,Action Games,Action,Online Co-Op,RPG,Hunting,
PUBG: BATTLEGROUNDS,578080,6,Free to Play Games,Survival,Shooter,Multiplayer,Battle Royale,
Apex Legends™,1172470,9,Action Games,Free to Play,Battle Royale,Multiplayer,Shooter,
DJMAX RESPECT V,960170,9,Action Games,Rhythm,Casual,Action,Music,Sports
Raft,648800,9,Adventure Games,Survival,Open World Survival Craft,Multiplayer,,
Ready or Not,1144200,9,Action Games,Tactical,Realistic,FPS,Multiplayer,Shooter
Red Dead Redemption 2,1174180,9,Adventure Games,Open World,Adventure,Story Rich,Western,
FIFA 22,1506830,9,Sports Games,Soccer,Sports,Multiplayer,Competitive,
Football Manager 2022,1569040,9,Simulation Games,Sports,Management,Soccer,Simulation,
TEKKEN 7,389730,9,Action Games,Fighting,Action,Multiplayer,Competitive,
The Sims™ 4,1222670,9,Simulation Games,Life Sim,Character Customization,Simulation,,
Stardew Valley,413150,10,Indie Games,Farming Sim,Life Sim,Pixel Graphics,RPG,
Sid Meier’s Civilization® VI,289070,9,Strategy Games,Strategy,Turn-Based Strategy,Historical,,
EZ2ON REBOOT : R,1477590,9,Action Games,Rhythm,Action,Casual,Music,Sports
Forza Horizon 5,1551360,9,Racing Games,Racing,Open World,Driving,Multiplayer,
Dead by Daylight,381210,9,Action Games,Horror,Survival Horror,Multiplayer,Online Co-Op,
Project Zomboid,108600,9,Early Access Games,Survival,Zombies,Open World,,Multiplayer
Tom Clancy's Rainbow Six® Siege,359550,9,Action Games,FPS,Hero Shooter,Multiplayer,Tactical,
It Takes Two,1426210,10,Adventure Games,Co-op,Multiplayer,Split Screen,Puzzle,
Sekiro™: Shadows Die Twice - GOTY Edition,814380,9,Action Games,Souls-like,Difficult,Action,Singleplayer,Ninja
Monster Hunter: World,582010,9,Action Games,Co-op,Multiplayer,Action,Open World,RPG
Eternal Return,1049590,9,Free to Play Games,Free to Play,Anime,MOBA,Survival,
V Rising,1604030,9,Adventure Games,Early Access,Survival,Open World,Crafting,
Destiny 2,1085660,9,Action Games,Free to Play,Open World,Looter Shooter,FPS,
ACE COMBAT™ 7: SKIES UNKNOWN,502500,9,Simulation Games,Flight,Jet,Military,War,Shooter
ELDEN RING,1245620,9,Action Games,Souls-like,Relaxing,Dark Fantasy,RPG,
Cuphead,268910,10,Action Games,Difficult,Cartoon,Platformer,Co-op,
Rust,252490,9,Action Games,Survival,Crafting,Multiplayer,Open World,
Counter-Strike: Global Offensive,730,9,Free to Play Games,FPS,Shooter,Multiplayer,Competitive,Action
Tales of Arise,740130,9,RPG Games,Anime,JRPG,RPG,Action RPG,Action
Sea of Thieves,1172620,9,Adventure Games,Adventure,Multiplayer,Open World,Pirates,
Hades,1145360,10,Action Games,Action Roguelike,Indie,Roguelite,Action,
ROMANCE OF THE THREE KINGDOMS XIV,872410,6,Simulation Games,Simulation,Strategy,Historical,Singleplayer,
Risk of Rain 2,632360,10,Action Games,Third-Person Shooter,Action Roguelike,Multiplayer,,
Muse Dash,774171,10,Indie Games,Music,Rhythm,Anime,Cute,
Assassin's Creed® Odyssey,812140,9,Action Games,Open World,RPG,Singleplayer,Assassin,
Dying Light 2 Stay Human,534380,7,Action Games,Open World,Zombies,Co-op,Multiplayer,
ARK: Survival Evolved,346110,9,Action Games,Open World Survival Craft,Survival,Open World,,
Cities: Skylines,255710,9,Simulation Games,City Builder,Simulation,Building,Management,
Overcooked! 2,728880,9,Indie Games,Multiplayer,Online Co-Op,Local Co-Op,Casual,
Stellaris,281990,9,Strategy Games,Space,Grand Strategy,Strategy,Sci-fi,4X
Total War: THREE KINGDOMS,779340,9,Strategy Games,Strategy,Historical,War,Turn-Based Strategy,
Yakuza: Like a Dragon,1235140,10,RPG Games,RPG,Adventure,Action,JRPG,
Human: Fall Flat,477160,9,Indie Games,Co-op,Funny,Puzzle,Adventure,Physics
Days Gone,1259420,9,Action Games,Open World,Zombies,Post-apocalyptic,,Survival
Hearts of Iron IV,394360,9,Strategy Games,Strategy,World War II,Grand Strategy,War,
Phasmophobia,739630,10,Indie Games,Horror,Online Co-Op,Multiplayer,,Co-op
The Binding of Isaac: Rebirth,250900,10,Action Games,Action Roguelike,Roguelike,Indie,Replay Value,
Yu-Gi-Oh! Master Duel,1449850,7,Free to Play Games,Card Game,Free to Play,Strategy,,PvP
A Dance of Fire and Ice,977950,9,Indie Games,Rhythm,Music,Indie,Difficult,
Battlefield™ 2042,1517290,5,Action Games,Shooter,Multiplayer,Action,FPS,War
THE IDOLM@STER STARLIT SEASON,1046480,10,Simulation Games,Anime,Rhythm,Cute,Management,
Conqueror's Blade,835570,6,Action Games,Strategy,Massively Multiplayer,RPG,,Action
Russian Fishing 4,766570,7,Simulation Games,Free to Play,Fishing,Multiplayer,Simulation,
Half-Life: Alyx,546560,10,Action Games,VR,FPS,Story Rich,Horror,
Valheim,892970,10,Action Games,Open World Survival Craft,Survival,Online Co-Op,,
Demon Slayer -Kimetsu no Yaiba- The Hinokami Chronicles,1490890,9,Action Games,Anime,Action,Adventure,3D Fighter,
Don't Starve Together,322330,10,Indie Games,Exploration,Open World Survival Craft,Survival,,
Escape Simulator,1435790,9,Adventure Games,Puzzle,Co-op,Multiplayer,Escape Room,
RimWorld,294100,10,Simulation Games,Colony Sim,Base Building,Survival,Strategy,
Slay the Spire,646570,10,Strategy Games,Roguelike Deckbuilder,Card Game,Card Battler,,
DEAD OR ALIVE Xtreme Venus Vacation,958260,9,Sports Games,Sexual Content,Mature,Free to Play,Hentai,
NEEDY STREAMER OVERLOAD,1451940,10,Simulation Games,Psychological Horror,Visual Novel,Anime,Cute,
The Elder Scrolls V: Skyrim Special Edition,489830,9,RPG Games,Open World,RPG,Adventure,Singleplayer,
Subnautica,264710,10,Adventure Games,Open World Survival Craft,Survival,Open World,,
Terraria,105600,10,Indie Games,Open World Survival Craft,Sandbox,Survival,2D,
Hatsune Miku: Project DIVA Mega Mix+,1761390,9,Action Games,Rhythm,Anime,Action,Arcade,3D
War Thunder,236390,7,Massively Multiplayer Games,Free to Play,Vehicular Combat,Combat,VR,
Pummel Party,880940,9,Action Games,Multiplayer,Funny,Online Co-Op,4 Player Local,
Jurassic World Evolution 2,1244460,9,Simulation Games,Dinosaurs,Building,Simulation,Management,
Tabletop Simulator,286160,10,Simulation Games,Tabletop,Board Game,Simulation,Multiplayer,
Hollow Knight,367520,10,Adventure Games,Metroidvania,Souls-like,Platformer,,Difficult
Crusader Kings III,1158310,9,Strategy Games,Strategy,RPG,Simulation,Medieval,
7 Days to Die,251570,9,Action Games,Survival,Zombies,Voxel,Open World,
Satisfactory,526870,10,Strategy Games,Base Building,Automation,Open World,Crafting,
Devil May Cry 5,601150,10,Action Games,Action,Hack and Slash,Great Soundtrack,,
Ori and the Will of the Wisps,1057090,10,Action Games,Beautiful,Metroidvania,Great Soundtrack,,Action
GUILTY GEAR -STRIVE-,1384160,9,Action Games,2D Fighter,Fighting,Anime,2.5D,PvP
Forza Horizon 4,1293830,9,Racing Games,Racing,Open World,Driving,Multiplayer,
BURIED STARS,1025960,9,Adventure Games,Interactive Fiction,Mystery,Emotional,,Adventure
Divinity: Original Sin 2 - Definitive Edition,435150,10,Adventure Games,Tactical RPG,RPG,Turn-Based Strategy,,
theHunter: Call of the Wild™,518790,9,Adventure Games,Hunting,Open World,Multiplayer,Simulation,
Viscera Cleanup Detail,246900,9,Simulation Games,Simulation,Gore,Multiplayer,Co-op,
ASTRONEER,361420,9,Adventure Games,Multiplayer,Open World,Open World Survival Craft,,
World War Z: Aftermath,699130,9,Action Games,Zombies,Action,Online Co-Op,Multiplayer,
Longvinter,1635450,6,Action Games,Early Access,Survival,Multiplayer,Crafting,
GrandChase,985810,6,Action Games,Action,PvP,PvE,Action RPG,Casual
Dead Cells,588650,10,Action Games,Roguelite,Pixel Graphics,Roguelike,,Souls-like
Unpacking,1135690,9,Indie Games,Relaxing,Pixel Graphics,Cute,Story Rich,
Gunfire Reborn,1217060,9,Action Games,FPS,Roguelite,Co-op,Online Co-Op,
GNOSIA,1608290,9,Adventure Games,Social Deduction,Roguelite,Story Rich,RPG,
ONE PIECE: PIRATE WARRIORS 4,1089090,9,Action Games,Hack and Slash,Anime,Beat 'em up,Fighting,
NBA 2K22,1644960,6,Sports Games,Sports,Basketball,Simulation,Realistic,
Core Keeper,1621690,9,Adventure Games,Early Access,Pixel Graphics,Sandbox,,Adventure
Skul: The Hero Slayer,1147560,9,Indie Games,Indie,Action,Action Roguelike,Pixel Graphics,
Microsoft Flight Simulator Game of the Year Edition,1250410,7,Simulation Games,Simulation,Flight,Open World,Realistic,
Little Witch in the Woods,1594940,9,RPG Games,Early Access,Cute,Pixel Graphics,Funny,
Lobotomy Corporation | Monster Management Simulation,568220,9,Indie Games,Management,Simulation,Difficult,Story Rich,
House Flipper,613100,9,Simulation Games,Simulation,Design & Illustration,Singleplayer,,
Tom Clancy's Ghost Recon® Wildlands,460930,9,Adventure Games,Open World,Shooter,Multiplayer,Co-op,
OMORI,1150690,10,RPG Games,Psychological Horror,Story Rich,Indie,,
PAYDAY 2,218620,9,Action Games,Co-op,Action,FPS,Heist,Looter Shooter
Deep Rock Galactic,548430,10,Action Games,Co-op,PvE,FPS,Loot,Exploration
Detroit: Become Human,1222140,9,Action Games,Choices Matter,Story Rich,Multiple Endings,,
Frostpunk,323190,9,Simulation Games,City Builder,Survival,Strategy,,Post-apocalyptic
Assassin's Creed® Origins,582160,9,Action Games,Open World,Assassin,Action,RPG,Stealth
Peglin,1296610,7,RPG Games,Deckbuilding,Pinball,Roguelite,Perma Death,
We Were Here Forever,1341290,9,Adventure Games,Exploration,Puzzle,Online Co-Op,Escape Room,
Total War: WARHAMMER II,594570,9,Strategy Games,Strategy,Fantasy,Turn-Based Strategy,RTS,
Grim Dawn,219990,9,RPG Games,Action RPG,Hack and Slash,Dark Fantasy,RPG,
DOOM Eternal,782330,9,Action Games,Action,FPS,Great Soundtrack,Gore,
Persona® 5 Strikers,1382330,9,Action Games,Anime,Great Soundtrack,JRPG,Hack and Slash,
ENDER LILIES: Quietus of the Knights,1369630,10,Action Games,Metroidvania,Female Protagonist,Dark Fantasy,,
Super Robot Wars 30,898750,9,Simulation Games,Strategy,RPG,Simulation,JRPG,
Inscryption,1092790,10,Indie Games,Card Battler,Card Game,Story Rich,,Horror
Darkest Dungeon®,262060,9,RPG Games,Turn-Based Combat,Dark Fantasy,,Roguelike,
A Way Out,1222700,9,Action Games,Co-op,Online Co-Op,Split Screen,Story Rich,
DEATH STRANDING DIRECTOR'S CUT,1850570,9,Action Games,Action,Walking Simulator,Adventure,Story Rich,
Ghostwire: Tokyo,1475810,9,Action Games,Singleplayer,Supernatural,First-Person,Horror,
NARUTO SHIPPUDEN: Ultimate Ninja STORM 4,349040,9,Action Games,Anime,Fighting,Action,Ninja,Multiplayer
Age of Empires II: Definitive Edition,813780,9,Strategy Games,Strategy,RTS,City Builder,Multiplayer,
Sniper Elite 4,312660,9,Action Games,Sniper,Action,Multiplayer,Shooter,War
Planet Zoo,703080,9,Simulation Games,Management,Simulation,Building,Sandbox,
Summer Memories,1227890,9,Adventure Games,Sexual Content,Pixel Graphics,Anime,RPG,
Gang Beasts,285900,9,Action Games,Funny,Physics,Multiplayer,Colorful,
Shotgun King: The Final Checkmate,1972440,9,Action Games,Turn-Based Strategy,Strategy,Action Roguelike,,
Stray,1972440,none,Adventure Games,Cats,Adventure,Cyberpunk,Indie,
Two Point Hospital,535930,9,Simulation Games,Simulation,Medical Sim,Management,Building,
Phoenix Wright: Ace Attorney Trilogy,787480,10,Adventure Games,Detective,Visual Novel,Story Rich,,Mystery
Black Squad,550650,7,Action Games,Free to Play,FPS,Shooter,Multiplayer,Action
Borderlands 3,397540,9,Action Games,RPG,Action,Looter Shooter,FPS,
Metro Exodus,412020,9,Action Games,Post-apocalyptic,FPS,Open World,Story Rich,
World of Warships,552990,9,Free to Play Games,Naval Combat,Free to Play,Naval,World War II,
Wasteland 3,719040,9,RPG Games,RPG,Strategy,Turn-Based Combat,,Co-op
노베나 디아볼로스,1210030,9,Indie Games,Simulation,Adventure,Indie,Visual Novel,
DRAGON QUEST® XI S: Echoes of an Elusive Age™ - Definitive Edition,1295510,9,RPG Games,JRPG,RPG,Turn-Based Combat,,Story Rich
Oxygen Not Included,457140,10,Simulation Games,Colony Sim,Base Building,Survival,,Building
SD GUNDAM BATTLE ALLIANCE,457140,none,Action Games,Action,JRPG,Action-Adventure,Hack and Slash,
Unrailed!,1016920,9,Action Games,Open World Survival Craft,Multiplayer,Co-op,,
Romance of the Three Kingdoms XIII,363150,6,Simulation Games,Strategy,Simulation,Historical,RPG,
Love Delivery,1817940,10,Indie Games,Dating Sim,Visual Novel,2D,Story Rich,
DCS World Steam Edition,223750,9,Simulation Games,Simulation,Flight,Free to Play,Multiplayer,
Little Nightmares II,860510,10,Adventure Games,Horror,Adventure,Singleplayer,Puzzle,Dark
PICO PARK,1509960,9,Casual Games,Multiplayer,Online Co-Op,Casual,,Cute
Propnight,1549180,6,Action Games,Multiplayer,Horror,Action,Survival Horror,
Far Cry® 5,552520,7,Action Games,Open World,Co-op,Action,Multiplayer,FPS
GROUND BRANCH,16900,9,Action Games,Tactical,Realistic,FPS,Military,Simulation
DRAGON BALL Z: KAKAROT,851850,9,Action Games,Action,RPG,Anime,Open World,Fighting
Sid Meier's Civilization® V,8930,10,Strategy Games,Turn-Based Strategy,Strategy,Turn-Based,,
Age of Empires IV,1466860,9,Strategy Games,Strategy,RTS,Medieval,Multiplayer,
Resident Evil 3,952060,7,Action Games,Action,Zombies,Horror,Female Protagonist,
Age of Empires III: Definitive Edition,933110,7,Strategy Games,Strategy,RTS,Base Building,Multiplayer,
Out of the Park Baseball 23,1739010,9,Sports Games,Simulation,Sports,Strategy,Sandbox,
Titanfall® 2,1237970,9,Action Games,FPS,Multiplayer,Shooter,Action,Mechs
Atelier Sophie 2: The Alchemist of the Mysterious Dream,1621310,9,RPG Games,RPG,Anime,JRPG,Female Protagonist,Cute
The Crew™ 2,646910,9,Racing Games,Racing,Open World,Automobile Sim,Multiplayer,
Night of the Dead,1377380,9,Adventure Games,Early Access,Zombies,Survival,Base Building,
Mafia: Definitive Edition,1030840,9,Action Games,Action,Open World,Story Rich,Crime,
Vampire Survivors,1794680,10,Action Games,Action Roguelike,Pixel Graphics,Bullet Hell,2D,
Danganronpa: Trigger Happy Havoc,413410,10,Adventure Games,Anime,Visual Novel,Mystery,Detective,
Yakuza 0,638970,10,Action Games,Story Rich,Action,Beat 'em up,Great Soundtrack,
NARAKA: BLADEPOINT,1203220,7,Action Games,Battle Royale,Sexual Content,Multiplayer,,PvP
The Stanley Parable: Ultra Deluxe,1703340,9,Adventure Games,Multiple Endings,Comedy,Choices Matter,,
Total War: WARHAMMER,364360,7,Strategy Games,Strategy,Fantasy,RTS,War,
Total War: WARHAMMER III,1142710,6,Strategy Games,Early Access,Strategy,Turn-Based Strategy,,RTS
SCARLET NEXUS,775500,9,RPG Games,Action,Anime,RPG,Adventure,Action RPG
No Umbrellas Allowed,1301390,7,Simulation Games,Simulation,Indie,Strategy,Pixel Graphics,
Assetto Corsa Competizione,805550,9,Racing Games,Racing,Automobile Sim,Simulation,VR,
STAR WARS Jedi: Fallen Order™,1172380,9,Action Games,Action-Adventure,Souls-like,Third Person,,
Biped,1071870,9,Adventure Games,Co-op,Funny,Level Editor,Puzzle Platformer,
LEGO® Star Wars™: The Skywalker Saga,920210,9,Adventure Games,LEGO,Adventure,Open World,Co-op,
Yakuza Kiwami 2,927380,10,Action Games,Action,Story Rich,RPG,Beat 'em up,
The Elder Scrolls® Online,306130,9,Massively Multiplayer Games,RPG,MMORPG,Adventure,Open World,
Car Mechanic Simulator 2021,1190000,10,Simulation Games,Simulation,Automobile Sim,Sandbox,Racing,
Subnautica: Below Zero,848450,9,Adventure Games,Open World Survival Craft,Survival,Underwater,,
For The King,527230,9,RPG Games,Open World,RPG,Strategy,Online Co-Op,
Danganronpa 2: Goodbye Despair,413420,10,Adventure Games,Anime,Detective,Visual Novel,Mystery,
Halo: The Master Chief Collection,976730,9,Action Games,Great Soundtrack,FPS,Classic,Multiplayer,
No Man's Sky,275850,7,Action Games,Open World,Open World Survival Craft,Space,,
Mirror 2: Project X,1832640,9,Indie Games,3D,Match 3,FPS,Anime,Drama
The Long Dark,305620,9,Indie Games,Survival,Open World Survival Craft,Open World,,
Ultimate Chicken Horse,386940,10,Indie Games,Multiplayer,Funny,Platformer,Local Multiplayer,
Beat Saber,620980,10,Indie Games,VR,Rhythm,Music,Great Soundtrack,
Europa Universalis IV,236850,9,Strategy Games,Grand Strategy,Historical,Simulation,,Economy
Portal 2,620,10,Action Games,Platformer,Puzzle,Dark Humor,First-Person,
SD GUNDAM G GENERATION CROSS RAYS,728530,9,RPG Games,Mechs,Tactical RPG,Turn-Based Tactics,RPG,
Action Taimanin,1335200,9,Action Games,Sexual Content,Free to Play,Nudity,Mature,
THE KING OF FIGHTERS XV,1498570,9,Action Games,Action,2D Fighter,Fighting,PvP,Multiplayer
Prison Architect,233450,9,Strategy Games,Simulation,Building,Sandbox,Strategy,
Shadowverse CCG,453480,7,Strategy Games,Free to Play,Card Battler,Trading Card Game,,
Return of the Obra Dinn,653530,10,Adventure Games,Detective,Mystery,Puzzle,Story Rich,
Need for Speed™ Heat,1222680,9,Racing Games,Racing,Open World,Driving,Multiplayer,
Call of Duty®: Modern Warfare® II,1361510,none,Action Games,FPS,Action,Shooter,First-Person,Multiplayer
Ragnarok: The Lost Memories,1379750,6,RPG Games,Free to Play,RPG,Nostalgia,Adventure,JRPG
Hero Siege,269210,7,Indie Games,RPG,Action Roguelike,Hack and Slash,,
World of Tanks Blitz,444200,9,Free to Play Games,Tanks,Free to Play,Action,Multiplayer,
Have a Nice Death,1740720,9,Action Games,Singleplayer,Action Roguelike,2D Platformer,2D,
Tropico 6,492720,9,Strategy Games,Strategy,City Builder,Simulation,Economy,
Granblue Fantasy: Versus,1090630,9,Action Games,Action,Anime,2D Fighter,Fighting,PvP
Poppy Playtime,1721470,7,Adventure Games,Horror,Singleplayer,Puzzle,First-Person,
Northgard,466560,9,Indie Games,City Builder,RTS,Strategy,Colony Sim,
Yakuza Kiwami,834530,9,Action Games,Action,Adventure,Story Rich,RPG,
Totally Accurate Battle Simulator,508440,10,Simulation Games,Sandbox,Funny,Simulation,Physics,
Marvel's Guardians of the Galaxy,1088850,9,Action Games,Story Rich,Singleplayer,Action,Action-Adventure,
Disco Elysium - The Final Cut,632470,9,RPG Games,RPG,Story Rich,Choices Matter,Detective,
Cult of the Lamb,632470,none,Adventure Games,Action Roguelike,Dungeon Crawler,Cute,,Funny
XCOM® 2,268500,9,Strategy Games,Strategy,Turn-Based,Turn-Based Strategy,,
DEAD OR ALIVE 6,838380,7,Action Games,Fighting,Sexual Content,Action,Nudity,
Strange Horticulture,1574580,10,Simulation Games,Mystery,Exploration,Puzzle,Investigation,
We Were Here Together,865360,9,Adventure Games,Story Rich,Puzzle,Escape Room,,Online Co-Op
Minecraft Dungeons,1672970,9,Action Games,Dungeon Crawler,Hack and Slash,Adventure,,
Albion Online,761890,7,Massively Multiplayer Games,Free to Play,MMORPG,Open World,,RPG
Garry's Mod,4000,10,Indie Games,Sandbox,Multiplayer,Funny,Moddable,
A Total War Saga: TROY,1099410,7,Strategy Games,Strategy,Simulation,Action,Historical,RTS
Potion Craft: Alchemist Simulator,1210320,9,Indie Games,Early Access,Singleplayer,Crafting,Simulation,
Goose Goose Duck,1568590,9,Free to Play Games,PvP,Social Deduction,Character Customization,,
Puyo Puyo™ Tetris® 2,1259790,9,Action Games,Action,Casual,Arcade,Puzzle,Cute
Farm Together,673950,9,Simulation Games,Agriculture,Multiplayer,Simulation,Casual,
METAL GEAR SOLID V: THE PHANTOM PAIN,287700,9,Action Games,Stealth,Open World,Action,Story Rich,
Bloons TD 6,960090,10,Strategy Games,Tower Defense,Strategy,Multiplayer,Singleplayer,
PowerWash Simulator,1290000,10,Simulation Games,Simulation,Indie,Relaxing,Singleplayer,
Hunt: Showdown,594650,9,Action Games,Open World,Atmospheric,Tactical,Perma Death,
Settlement Survival,1509510,9,Simulation Games,City Builder,Building,Management,Colony Sim,
Getting Over It with Bennett Foddy,240720,9,Action Games,Psychological Horror,Difficult,Singleplayer,,
SENRAN KAGURA Peach Beach Splash,696170,7,Action Games,Sexual Content,Nudity,Anime,Mature,
Hell Let Loose,686810,9,Action Games,Action,Shooter,FPS,World War II,Multiplayer
Uncharted Waters IV HD Version,1424800,6,Simulation Games,Simulation,RPG,Strategy,Trading,Action
Untitled Goose Game,837470,10,Action Games,Funny,Indie,Villain Protagonist,Comedy,
The Forgotten City,874260,10,Adventure Games,Adventure,Time Travel,Exploration,Mystery,
Sniper Ghost Warrior Contracts 2,1338770,9,Action Games,FPS,Sniper,Shooter,Stealth,
Battlefield V,1238810,7,Action Games,FPS,World War II,Shooter,Multiplayer,
Persona 4 Golden,1113000,10,RPG Games,JRPG,Great Soundtrack,Story Rich,Anime,
AI＊Shoujo/AI＊少女,1250650,7,Simulation Games,Sexual Content,Nudity,Mature,Simulation,
DYNASTY WARRIORS 9 Empires,1341200,6,Action Games,Action,Strategy,Simulation,,Singleplayer
Planet Coaster,493340,9,Simulation Games,Simulation,Building,Management,,Sandbox
Team Fortress 2,440,9,Free to Play Games,Free to Play,Hero Shooter,Multiplayer,FPS,
Captain of Industry,1594320,9,Simulation Games,Early Access,Simulation,Automation,Strategy,
Rhythm Doctor,774181,10,Indie Games,Music,Rhythm,Indie,Pixel Graphics,
Rune Factory 5,774181,none,RPG Games,RPG,Adventure,Simulation,Farming Sim,
Project Hospital,868360,9,Simulation Games,Simulation,Management,Building,Strategy,
Dota 2,570,9,Free to Play Games,Free to Play,MOBA,Multiplayer,Strategy,
BioShock Infinite,8870,10,Action Games,FPS,Story Rich,Action,Singleplayer,
X4: Foundations,392160,7,Simulation Games,Space,Simulation,Sandbox,Open World,
Medieval Dynasty,1129580,9,RPG Games,Survival,Building,Open World,Medieval,
Middle-earth™: Shadow of War™,356190,9,Action Games,Open World,Action,RPG,Fantasy,
Atelier Ryza 2: Lost Legends & the Secret Fairy,1257290,9,RPG Games,JRPG,Female Protagonist,RPG,Anime,
Door Kickers 2: Task Force North,1239080,10,Strategy Games,Strategy,Tactical,Simulation,Action,Indie
Heroes Of The Dark,1851330,6,Free to Play Games,RPG,Strategy,4X,City Builder,MMORPG
Monster Hunter Stories 2: Wings of Ruin,1277400,9,RPG Games,RPG,Adventure,JRPG,Exploration,3D
TUNIC,553420,9,Action Games,Exploration,Puzzle,Souls-like,Metroidvania,
BPM: BULLETS PER MINUTE,1286350,9,Action Games,Action,FPS,Rhythm,Roguelike,Indie
FOCUS on YOU,1032670,9,Adventure Games,VR,Mature,Adventure,Dating Sim,
Street Fighter V,310950,6,Action Games,Fighting,Action,2D Fighter,Multiplayer,
Forager,751780,9,Simulation Games,Open World Survival Craft,Survival,Pixel Graphics,,
JoJo's Bizarre Adventure: All-Star Battle R,751780,none,Action Games,Action,Anime,2D Fighter,PvP,2D
Slime Rancher,433340,10,Action Games,Cute,Exploration,Adventure,Singleplayer,
SnowRunner,1465360,9,Simulation Games,Simulation,Adventure,Automobile Sim,,Sandbox
Operation: Tango,1335790,9,Adventure Games,Online Co-Op,Co-op Campaign,Puzzle,Hacking,
Kenshi,233860,9,Action Games,Open World,Sandbox,RPG,Survival,Strategy
War Robots,767560,6,Action Games,Free to Play,Action,Robots,Multiplayer,
Insurgency: Sandstorm,581320,9,Action Games,FPS,Realistic,Shooter,Military,Multiplayer
The Riftbreaker,780310,9,Action Games,Base Building,Strategy,Tower Defense,Survival,
Green Hell,815370,9,Indie Games,Survival,Open World Survival Craft,Open World,,
BeamNG.drive,284160,10,Simulation Games,Simulation,Driving,Physics,Destruction,
Democracy 4,1410710,9,Strategy Games,Strategy,Political Sim,Politics,Simulation,
Killing Floor 2,232090,9,Action Games,Zombies,Co-op,Gore,FPS,Multiplayer
Pathfinder: Wrath of the Righteous,1184370,9,RPG Games,Tactical RPG,Exploration,RPG,CRPG,Violent
SMASH LEGENDS,1352080,7,Free to Play Games,Multiplayer,Free to Play,PvP,MOBA,Fighting
Outer Wilds,753640,10,Adventure Games,Exploration,Space,Mystery,Adventure,
DEVOUR,1274570,9,Indie Games,Horror,Online Co-Op,Multiplayer,Survival Horror,
WWE 2K22,1255630,7,Simulation Games,Simulation,Sports,PvP,Multiplayer,Wrestling
ROUNDS,1557740,10,Indie Games,Multiplayer,Fighting,Local Multiplayer,2D Fighter,
Assetto Corsa,244210,9,Racing Games,Racing,Automobile Sim,Simulation,Driving,
Spiritfarer®: Farewell Edition,972660,10,Simulation Games,Emotional,Story Rich,Indie,Building,
FOR HONOR™,304390,6,Action Games,Medieval,Action,Swordplay,Multiplayer,PvP
Little Nightmares,424840,9,Adventure Games,Horror,Atmospheric,Adventure,Singleplayer,
DOOM,379720,10,Action Games,FPS,Gore,Action,Shooter,Demons
OCTOPATH TRAVELER™,921570,9,RPG Games,RPG,JRPG,Pixel Graphics,Turn-Based,
ANNO: Mutationem,1368030,7,Adventure Games,RPG,Female Protagonist,Cyberpunk,,
Fallout: New Vegas,22380,10,Action Games,Open World,RPG,Post-apocalyptic,Singleplayer,
SOULCALIBUR VI,544750,9,Action Games,Fighting,Action,Character Customization,,
Katana ZERO,460950,10,Indie Games,Pixel Graphics,Action,Great Soundtrack,,
DRAGON BALL FighterZ,678950,9,Action Games,Fighting,Anime,Action,2D Fighter,Multiplayer
A Hat in Time,253230,10,Adventure Games,Cute,3D Platformer,Collectathon,,
Death's Door,894020,9,Indie Games,Action,Adventure,RPG,Action-Adventure,
Puyo Puyo™Tetris®,546050,9,Casual Games,Puzzle,Casual,Competitive,Multiplayer,Action
Orcs Must Die! 3,1522820,9,Action Games,Tower Defense,Co-op,Strategy,,PvE
Yakuza 6: The Song of Life,1388590,9,Action Games,Action,Adventure,RPG,Beat 'em up,
Princess Maker 2 Refine,523000,9,Simulation Games,Simulation,Multiple Endings,RPG,,Anime
NARUTO TO BORUTO: SHINOBI STRIKER,633230,9,Action Games,Anime,Action,Multiplayer,,Fighting
Tricky Towers,437920,9,Indie Games,Party Game,Puzzle,Physics,Casual,Building
Onmyoji,551170,9,Adventure Games,RPG,Free to Play,Anime,Strategy,
DRAMAtical Murder,1481080,10,Adventure Games,LGBTQ+,Visual Novel,Romance,Anime,
Super Bunny Man,673750,9,Indie Games,Funny,Co-op,Multiplayer,Indie,Online Co-Op
Songs of Conquest,867210,9,Strategy Games,Early Access,Adventure,Strategy,,
Dragon's Dogma: Dark Arisen,367500,9,Action Games,RPG,Open World,Character Customization,,
Sakuna: Of Rice and Ruin,1356670,9,Action Games,Action,Farming Sim,Story Rich,,Side Scroller
The Legend of Heroes: Sen no Kiseki III,1450080,9,RPG Games,RPG,Singleplayer,JRPG,Turn-Based Combat,
Pavlov VR,555160,9,Early Access Games,VR,Action,Shooter,Multiplayer,FPS
VA-11 Hall-A: Cyberpunk Bartender Action,447530,10,Adventure Games,Cyberpunk,Visual Novel,Pixel Graphics,,
Turmoil,361280,9,Simulation Games,Simulation,Strategy,Management,Indie,
Portal,400,10,Action Games,Puzzle,Puzzle Platformer,First-Person,,
Farming Simulator 22,1248130,9,Simulation Games,Simulation,Co-op,Farming Sim,Agriculture,
Danganronpa Another Episode: Ultra Despair Girls,555950,9,Action Games,Anime,Female Protagonist,Action,,Story Rich
Parkitect,453090,9,Simulation Games,Management,Building,Casual,Economy,
Desperados III,610370,10,Strategy Games,Strategy,Real Time Tactics,Stealth,Western,
Bro Falls,1590320,7,Massively Multiplayer Games,Multiplayer,Platformer,Casual,Battle Royale,
Tribes of Midgard,858820,7,Indie Games,Action,Roguelike,Co-op,Multiplayer,
Don't Starve,219740,10,Indie Games,Survival,Open World Survival Craft,Crafting,,
Far Cry® New Dawn,939960,7,Action Games,Open World,FPS,Action,Co-op,Multiplayer
Monster Train,1102190,10,Strategy Games,Card Battler,Roguelite,Card Game,,Roguelike
NosTale - Anime MMORPG,550470,7,Massively Multiplayer Games,Free to Play,Anime,MMORPG,,Adventure
Dungreed,753420,9,Indie Games,Action Roguelike,Pixel Graphics,Roguelike,,
Enter the Gungeon,311690,10,Indie Games,Bullet Hell,Action Roguelike,Roguelike,,Difficult
Ultimate Epic Battle Simulator 2,1468720,9,Action Games,Early Access,Simulation,Action,Strategy,
Stacklands,1948280,10,Indie Games,Roguelite,Card Battler,Solitaire,Management,
Call of Duty®: Black Ops,42700,9,Action Games,Action,FPS,Zombies,Multiplayer,Shooter
Rogue Legacy 2,1253920,9,Action Games,Roguelite,Metroidvania,Action,Indie,
Battle Brothers,365360,9,Strategy Games,Tactical RPG,Turn-Based Combat,Strategy,,RPG
"Papers, Please",239030,10,Indie Games,Indie,Political,Simulation,Singleplayer,
Chrono Ark,1188930,9,Indie Games,Roguelike Deckbuilder,RPG,Strategy,Indie,
Coffee Talk,914800,10,Indie Games,Conversation,Pixel Graphics,Atmospheric,,
Mortal Kombat 11,976310,9,Action Games,Fighting,Gore,Violent,Multiplayer,Blood
SUPER ROBOT WARS V,1031500,9,Strategy Games,Tactical RPG,Robots,Anime,JRPG,
Tavern Master,1525700,9,Strategy Games,Simulation,Building,Management,Medieval,
Children of Morta,330020,9,Action Games,Multiplayer,Roguelike,Action Roguelike,,
Cooking Simulator,641320,9,Simulation Games,Simulation,Cooking,Realistic,Singleplayer,
Dealer's Life 2,1343670,9,Indie Games,Trading,Management,Memes,Capitalism,
VRChat,438100,9,Massively Multiplayer Games,VR,Free to Play,Memes,Anime,Multiplayer
Feign,1436990,9,RPG Games,Early Access,Casual,Strategy,Multiplayer,
Wartales,1527950,9,RPG Games,RPG,Open World,Turn-Based Strategy,,Medieval
"Football, Tactics & Glory",375530,9,Sports Games,Turn-Based Combat,Sports,Simulation,,Soccer
Jump King,1061090,9,Indie Games,Psychological Horror,Difficult,Precision Platformer,,
Kingdom Two Crowns,701160,9,Strategy Games,Strategy,Pixel Graphics,Adventure,Indie,
Dorfromantik,1455840,10,Strategy Games,City Builder,Puzzle,Indie,Strategy,
March of Empires,702320,6,Strategy Games,Free to Play,Strategy,Massively Multiplayer,,
Dishonored 2,403640,9,Action Games,Stealth,First-Person,Action,Assassin,
They Are Billions,644930,9,Strategy Games,Base Building,Colony Sim,Strategy,Zombies,
Sniper Elite 5,1029690,7,Action Games,Action,Adventure,World War II,Stealth,
VTOL VR,667970,10,Action Games,Flight,VR,Combat,Simulation,Jet
FINAL FANTASY VI,1173820,9,RPG Games,RPG,Singleplayer,2D,Adventure,
Noita,881100,10,Action Games,Physics,Roguelike,Difficult,Dungeon Crawler,
Total War™: ROME II - Emperor Edition,214950,9,Strategy Games,Strategy,Turn-Based Strategy,Historical,,Rome
SENRAN KAGURA ESTIVAL VERSUS,502800,9,Action Games,Nudity,Sexual Content,Anime,3D Fighter,
Rise of the Tomb Raider™,391220,9,Action Games,Adventure,Action,Female Protagonist,,
My Time at Sandrock,1084600,9,RPG Games,Life Sim,Sandbox,Crafting,RPG,Building
Divinity: Original Sin - Enhanced Edition,373420,9,RPG Games,RPG,Turn-Based,Co-op,Adventure,Fantasy
STORY OF SEASONS: Pioneers of Olive Town,1392960,9,Simulation Games,Casual,Farming Sim,RPG,Simulation,
Barotrauma,602960,9,Indie Games,Multiplayer,Co-op,Survival,Submarine,
Spelunky 2,418530,9,Action Games,Platformer,2D Platformer,Perma Death,,
Paladins®,444090,9,Free to Play Games,Hero Shooter,Free to Play,Multiplayer,FPS,
Project Winter,774861,9,Indie Games,Social Deduction,Survival,Multiplayer,,
Among Us,945360,9,Casual Games,Multiplayer,Online Co-Op,Social Deduction,,
Stranded Deep,313120,7,Adventure Games,Open World Survival Craft,Survival,Multiplayer,,
Yu-Gi-Oh! Duel Links,601510,9,Free to Play Games,Free to Play,Card Game,Anime,Strategy,
SUCCUBUS,985830,9,Action Games,Sexual Content,Nudity,Mature,Gore,
Keep Talking and Nobody Explodes,341800,10,Indie Games,Co-op,Puzzle,Local Co-Op,Multiplayer,VR
NEKOPARA Vol. 1,333600,10,Indie Games,Hentai,Anime,Nudity,Sexual Content,Mature
Star Conflict,212070,7,Free to Play Games,Free to Play,Space,Action,Multiplayer,
Witch It,559650,9,Action Games,Multiplayer,Funny,Casual,Action,Indie
60 Seconds! Reatomized,1012880,9,Adventure Games,Strategy,Simulation,Survival,Post-apocalyptic,
DEEMO -Reborn-,1282210,9,Action Games,Rhythm,Adventure,Puzzle,Music,Beautiful
Far Cry® 4,298110,9,Action Games,Open World,Action,FPS,Co-op,Adventure
Ys VIII: Lacrimosa of DANA,579180,9,RPG Games,RPG,JRPG,Action,Anime,Great Soundtrack
The Elder Scrolls V: Skyrim VR,611670,7,RPG Games,Open World,RPG,VR,Singleplayer,Adventure
Outward Definitive Edition,794260,7,RPG Games,RPG,Open World,Survival,Co-op,
eFootball™ 2022,1665460,5,Sports Games,Free to Play,Soccer,Sports,Simulation,
Superliminal,1049410,9,Indie Games,Puzzle,Narration,First-Person,Physics,
To the Moon,206440,10,Indie Games,Story Rich,Great Soundtrack,Indie,Emotional,
Wargame: Red Dragon,251060,9,Strategy Games,Strategy,RTS,Military,Realistic,Wargame
DRAGON BALL XENOVERSE 2,454650,9,Action Games,Anime,Fighting,Character Customization,Action,
Undertale,391540,10,RPG Games,Great Soundtrack,Story Rich,Choices Matter,,
Weird West,1097350,7,RPG Games,Western,Isometric,RPG,Immersive Sim,
Project Wingman,895870,9,Simulation Games,Flight,Action,Jet,Indie,War
Foundation,690830,9,Simulation Games,City Builder,Strategy,Simulation,Medieval,
X-Plane 11,269950,9,Simulation Games,Simulation,Flight,Realistic,Open World,
Party Panic,506500,7,Action Games,Multiplayer,4 Player Local,Casual,Funny,
Shin Megami Tensei III Nocturne HD Remaster,1413480,9,RPG Games,JRPG,RPG,Creature Collector,,Demons
There Is No Game: Wrong Dimension,1240210,10,Indie Games,Indie,Adventure,Casual,Point & Click,
SCP: Pandemic,872670,7,Early Access Games,Early Access,FPS,Sandbox,Story Rich,
Control Ultimate Edition,870780,9,Action Games,Action,Adventure,Female Protagonist,,Story Rich
Police Simulator: Patrol Officers,997010,9,Simulation Games,Crime,Simulation,Open World,Realistic,
We Were Here Too,677160,9,Adventure Games,Escape Room,Online Co-Op,Co-op,Puzzle,
King Arthur: Knight's Tale,1157390,9,RPG Games,Tactical RPG,Turn-Based Tactics,Dark Fantasy,,
Trine 4: The Nightmare Prince,690640,9,Action Games,Puzzle Platformer,Online Co-Op,Local Co-Op,,
Grounded,962130,9,Adventure Games,Survival,Multiplayer,Base Building,Crafting,
Elite Dangerous,359320,7,Simulation Games,Space Sim,Space,Open World,Exploration,
Dyson Sphere Program,1366540,10,Indie Games,Space,Base Building,Automation,Building,
VR Kanojo / VRカノジョ,751440,7,Adventure Games,Sexual Content,Nudity,VR,Mature,Hentai
Hmmsim Metro,1591420,9,Simulation Games,Simulation,Trains,3D,Realistic,Transportation
Squad,393380,9,Action Games,Military,Realistic,FPS,Multiplayer,
KovaaK's,824270,9,Action Games,Action,Shooter,Simulation,FPS,Indie
Assassin’s Creed® IV Black Flag™,242050,9,Action Games,Pirates,Open World,Assassin,Action,
Going Medieval,1029780,9,Simulation Games,Early Access,City Builder,Medieval,Colony Sim,
Last Epoch,899770,9,RPG Games,Action RPG,RPG,Hack and Slash,Loot,
Yakuza 5 Remastered,1105510,9,Action Games,Action,Adventure,Open World,Beat 'em up,
Outlast,238320,10,Adventure Games,Horror,First-Person,Survival Horror,Atmospheric,
Some Some Convenience Store,1217390,10,Indie Games,Dating Sim,Sexual Content,Mature,Visual Novel,
Impostor Factory,1182620,10,Adventure Games,Indie,Story Rich,Adventure,Pixel Graphics,
State of Decay 2: Juggernaut Edition,495420,9,Action Games,Survival,Open World,Zombies,Base Building,
NEKOPARA Vol. 4,1406990,10,Adventure Games,Sexual Content,Anime,Hentai,Visual Novel,
Company of Heroes 2,231430,9,Strategy Games,Strategy,World War II,RTS,Multiplayer,
MY HERO ONE'S JUSTICE 2,1058450,9,Action Games,Action,Anime,Fighting,Multiplayer,Superhero
BRAVELY DEFAULT II,1446650,9,RPG Games,RPG,JRPG,Turn-Based Combat,Adventure,
World of Tanks,1407200,9,Action Games,Tanks,Free to Play,Action,Vehicular Combat,
CrossCode,368340,9,RPG Games,Action RPG,Pixel Graphics,RPG,,Puzzle
Old World,597180,7,Strategy Games,Strategy,Simulation,Grand Strategy,Historical,
Soul Hackers 2,597180,none,RPG Games,RPG,Cyberpunk,JRPG,Demons,Futuristic
Assassin's Creed® Syndicate,368500,7,Action Games,Assassin,Open World,Action,Stealth,Parkour
Midnight Ghost Hunt,915810,9,Action Games,Early Access,Multiplayer,Combat,Team-Based,
Luck be a Landlord,1404850,9,Indie Games,Roguelike Deckbuilder,Deckbuilding,,Roguelite,
Far Cry® Primal,371660,9,Action Games,Open World,Survival,Action,Adventure,
SpeedRunners,207140,9,Action Games,Multiplayer,Racing,Local Multiplayer,Indie,
